{
    "avg_prec": {
        "train": 1.0,
        "test": 0.7487839193346382
    },
    "roc_auc": {
        "train": 1.0,
        "test": 0.9319191919191918
    }
}
